insert into public.Clients (id, email, first_name, last_name, phone_number, address, password, created_time, NIP, name_of_company) values (1, 'emcconigal0@geocities.com', 'Ellissa', 'McConigal', '516316876', '18833 Green Street', 'kUYyDQdOBtc', '2021-08-18', 115534340, 'Roombo');
insert into public.Clients (id, email, first_name, last_name, phone_number, address, password, created_time, NIP, name_of_company) values (2, 'cbonwick1@cmu.edu', 'Chaddie', 'Bonwick', '949824842', '7 Tony Junction', 'FUfvfb', '2022-11-14', 719238504, 'Yombu');
insert into public.Clients (id, email, first_name, last_name, phone_number, address, password, created_time, NIP, name_of_company) values (3, 'rmillar2@bing.com', 'Rae', 'Millar', '752619202', '36 Nobel Plaza', 'Mj7OvIoA6', '2021-02-24', 799370465, 'InnoZ');
insert into public.Clients (id, email, first_name, last_name, phone_number, address, password, created_time, NIP, name_of_company) values (4, 'jfearnsides3@e-recht24.de', 'Jocelyn', 'Fearnsides', '366902920', '67 Talisman Plaza', 'r1QAwmP', '2022-10-20', 173314070, 'Dynabox');
insert into public.Clients (id, email, first_name, last_name, phone_number, address, password, created_time, NIP, name_of_company) values (5, 'kodwyer4@cloudflare.com', 'Knox', 'O''Dwyer', '674633252', '8 Loeprich Terrace', 'EPug7VrSgbI', '2022-01-31', 946320537, 'Yacero');
insert into public.Clients (id, email, first_name, last_name, phone_number, address, password, created_time, NIP, name_of_company) values (6, 'tstarcks5@apple.com', 'Tessie', 'Starcks', '579560128', '26 Talmadge Plaza', '0qVCrlrRdoUU', '2022-08-07', 83424944, 'Thoughtstorm');
insert into public.Clients (id, email, first_name, last_name, phone_number, address, password, created_time, NIP, name_of_company) values (7, 'dhandrok6@wisc.edu', 'Derek', 'Handrok', '742638070', '2 Lukken Lane', 'Ym6PwZ2', '2021-03-12', 93151312, 'Oyonder');
insert into public.Clients (id, email, first_name, last_name, phone_number, address, password, created_time, NIP, name_of_company) values (8, 'jfaux7@cargocollective.com', 'Janet', 'Faux', '558849967', '9 Mosinee Way', 'PrevyP7SxO', '2021-07-22', 678517345, 'Voolith');
insert into public.Clients (id, email, first_name, last_name, phone_number, address, password, created_time, NIP, name_of_company) values (9, 'cduferie8@berkeley.edu', 'Chantal', 'Duferie', '577684592', '1 Shasta Junction', 'XUmw2nYrH', '2022-12-15', 637009397, 'Gevee');
insert into public.Clients (id, email, first_name, last_name, phone_number, address, password, created_time, NIP, name_of_company) values (10, 'yoloman9@google.com.au', 'Yetta', 'Oloman', '297813798', '642 Haas Place', 'qwxe9oMn', '2020-12-22', 148481170, 'Kanoodle');

--
-- insert into public.Payments (price, client_id, date_of_payment) values (15000.25, 1, '2022-12-15');
-- insert into public.Payments (price, client_id, date_of_payment) values (55000.00, 2, '2023-01-15');
-- insert into public.Payments (price, client_id, date_of_payment) values (99999.99, 3, '2022-05-25');
-- insert into public.Payments (price, client_id, date_of_payment) values (10000.50, 4, '2022-06-13');
-- insert into public.Payments (price, client_id, date_of_payment) values (1000.00, 5, '2022-03-01');
-- insert into public.Payments (price, client_id, date_of_payment) values (40000.75, 6, '2022-08-28');
-- insert into public.Payments (price, client_id, date_of_payment) values (37999.99, 7, '2022-01-14');
-- insert into public.Payments (price, client_id, date_of_payment) values (15999.99, 8, '2022-12-29');
-- insert into public.Payments (price, client_id, date_of_payment) values (98010.43, 10, '2022-04-18');
--
-- insert into public.Positions (ID, position) values (1, 'manager');
-- insert into public.Positions (ID, position) values (2, 'organization specialist');
-- insert into public.Positions (ID, position) values (3, 'CEO');
-- insert into public.Positions (ID, position) values (4, 'accountant');
--
-- insert into public.Employees (id, first_name, last_name, position_id, email, password) values (1,'Stefania', 'Mendus', 1, 'smendus0@jigsy.com', 'UGsIcih');
-- insert into public.Employees (id, first_name, last_name, position_id, email, password) values (2,'Nowell', 'Juris', 1, 'njuris1@go.com', 'oo2vRqG');
-- insert into public.Employees (id, first_name, last_name, position_id, email, password) values (3,'Gabrielle', 'Lindmark', 4, 'glindmark2@reference.com', 'IjbWAanwys');
-- insert into public.Employees (id, first_name, last_name, position_id, email, password) values (4,'Nanci', 'Alywin', 4, 'nalywin3@surveymonkey.com', 'MpOVY7ItTXb');
-- insert into public.Employees (id, first_name, last_name, position_id, email, password) values (5,'Philis', 'Ondrus', 3, 'pondrus4@list-manage.com', 'ptSPOKn');
-- insert into public.Employees (id, first_name, last_name, position_id, email, password) values (6,'Siusan', 'Cartledge', 3, 'scartledge5@simplemachines.org', 'KyWSTq28gs');
-- insert into public.Employees (id, first_name, last_name, position_id, email, password) values (7,'Dasie', 'Eldershaw', 3, 'deldershaw6@dell.com', 'bCdgom');
-- insert into public.Employees (id, first_name, last_name, position_id, email, password) values (8,'Bronnie', 'MacTrustrie', 3, 'bmactrustrie7@blogs.com', 'nQxZ5QIYHu');
-- insert into public.Employees (id, first_name, last_name, position_id, email, password) values (9,'Ermengarde', 'Tanguy', 2, 'etanguy8@linkedin.com', 'JXGthrQqbj');
-- insert into public.Employees (id, first_name, last_name, position_id, email, password) values (10,'Jackquelin', 'Mundy', 4, 'jmundy9@cmu.edu', 'axd7aLQJ');
--
-- insert into public.Events (type_of_Event_id, price, payment_id, head_employee_of_event_id, date_start_of_event, date_end_of_event, status, client_id) values (1, 35204.82, 10005, 1, '2021-07-05', '2023-01-19', 'CANCELED', 10004);
-- insert into public.Events (type_of_Event_id, price, payment_id, head_employee_of_event_id, date_start_of_event, date_end_of_event, status, client_id) values (2, 55586.88, 10007, 6, '2021-11-04', '2022-06-06', 'IN_PROGRESS', 10006);
-- insert into public.Events (type_of_Event_id, price, payment_id, head_employee_of_event_id, date_start_of_event, date_end_of_event, status, client_id) values (1, 82642.92, 10002, 6, '2022-04-25', '2023-01-05', 'CANCELED', 10002);
-- insert into public.Events (type_of_Event_id, price, payment_id, head_employee_of_event_id, date_start_of_event, date_end_of_event, status, client_id) values (1, 71513.86, 10007, 3, '2022-01-24', '2022-09-27', 'IN_PROGRESS', 10006);
-- insert into public.Events (type_of_Event_id, price, payment_id, head_employee_of_event_id, date_start_of_event, date_end_of_event, status, client_id) values (2, 27371.79, 10002, 9, '2022-01-26', '2022-09-29', 'IN_PROGRESS', 10002);
-- insert into public.Events (type_of_Event_id, price, payment_id, head_employee_of_event_id, date_start_of_event, date_end_of_event, status, client_id) values (1, 2962.37, 10002, 2, '2021-06-26', '2022-11-29', 'CANCELED', 10002);
-- insert into public.Events (type_of_Event_id, price, payment_id, head_employee_of_event_id, date_start_of_event, date_end_of_event, status, client_id) values (3, 67059.0, 10008, 2, '2021-06-29', '2022-10-16', 'CANCELED', 10007);
-- insert into public.Events (type_of_Event_id, price, payment_id, head_employee_of_event_id, date_start_of_event, date_end_of_event, status, client_id) values (2, 47746.32, 10008, 5, '2021-12-08', '2022-06-21', 'IN_PROGRESS', 10007);
-- insert into public.Events (type_of_Event_id, price, payment_id, head_employee_of_event_id, date_start_of_event, date_end_of_event, status, client_id) values (2, 88223.74, 10002, 9, '2022-03-19', '2022-06-12', 'CANCELED', 10002);
-- insert into public.Events (type_of_Event_id, price, payment_id, head_employee_of_event_id, date_start_of_event, date_end_of_event, status, client_id) values (2, 61731.47, 10008, 2, '2021-09-27', '2023-01-05', 'IN_PROGRESS', 10007);
